{
  "nodes": {
    "r23": {
      "edges": {
        "f8": 30.481816454597777
      },
      "name": "r23",
      "X": 5.3157687187194824,
      "Y": 0.0,
      "Z": -0.25999999046325684,
      "NodeType": 0
    },
    "r7": {
      "edges": {
        "r8": 27.994225056607551
      },
      "name": "r7",
      "X": 15.306903839111328,
      "Y": 0.0,
      "Z": -0.817226231098175,
      "NodeType": 0
    },
    "r12": {
      "edges": {
        "f11": 6.4656031635968247
      },
      "name": "r12",
      "X": -5.5653476715087891,
      "Y": 0.0,
      "Z": -12.436166763305664,
      "NodeType": 0
    },
    "r4": {
      "edges": {
        "r5": 18.470014922528208,
        "r8": 87.837594576765753
      },
      "name": "r4",
      "X": 8.4101963043212891,
      "Y": 0.0,
      "Z": 6.2380280494689941,
      "NodeType": 0
    },
    "r16": {
      "edges": {
        "f5": 10.204635542528706,
        "r17": 10.078782294567873,
        "r18": 30.181294298771945
      },
      "name": "r16",
      "X": -4.0336885452270508,
      "Y": 0.0,
      "Z": -4.1652116775512695,
      "NodeType": 0
    },
    "f10": {
      "edges": {
        "f6": 16.96807766248887,
        "f11": 20.478824221278163
      },
      "name": "f10",
      "X": -0.85340970754623413,
      "Y": 0.0,
      "Z": -9.9002666473388672,
      "NodeType": 0
    },
    "f7": {
      "edges": {
        "r10": 26.030297658240045,
        "f6": 24.566573715588277,
        "f8": 1.4706653105733949
      },
      "name": "f7",
      "X": 4.1030588150024414,
      "Y": 0.0,
      "Z": -5.781033992767334,
      "NodeType": 0
    },
    "r2": {
      "edges": {
        "f3": 17.535200779586603
      },
      "name": "r2",
      "X": -3.2582552433013916,
      "Y": 0.0,
      "Z": 10.470973968505859,
      "NodeType": 0
    },
    "f13": {
      "edges": {
        "f12": 21.184946007691906,
        "r15": 7.8013454280198857
      },
      "name": "f13",
      "X": -12.224811553955078,
      "Y": 0.0,
      "Z": -9.9002666473388672,
      "NodeType": 0
    },
    "r20": {
      "edges": {
        "r19": 16.573070173510146
      },
      "name": "r20",
      "X": -12.332492828369141,
      "Y": 0.0,
      "Z": 3.2424452304840088,
      "NodeType": 0
    },
    "f8": {
      "edges": {
        "f7": 1.4706653105733949,
        "r23": 30.481816454597777,
        "f9": 8.4150347994911954
      },
      "name": "f8",
      "X": 5.3157687187194824,
      "Y": 0.0,
      "Z": -5.781033992767334,
      "NodeType": 0
    },
    "r9": {
      "edges": {
        "f9": 32.415619412035312
      },
      "name": "r9",
      "X": 10.865169525146484,
      "Y": 0.0,
      "Z": -10.820963859558105,
      "NodeType": 0
    },
    "r3": {
      "edges": {
        "f4": 26.572906504788282
      },
      "name": "r3",
      "X": 3.7595250606536865,
      "Y": 0.0,
      "Z": 8.9114675521850586,
      "NodeType": 0
    },
    "r13": {
      "edges": {
        "f12": 13.570373128096435,
        "r14": 5.7179822252746817
      },
      "name": "r13",
      "X": -8.5451192855834961,
      "Y": 0.0,
      "Z": -13.466554641723633,
      "NodeType": 0
    },
    "r10": {
      "edges": {
        "f7": 26.030297658240045,
        "r11": 34.79413298324431
      },
      "name": "r10",
      "X": 3.5132091045379639,
      "Y": 0.0,
      "Z": -10.848812103271484,
      "NodeType": 0
    },
    "r5": {
      "edges": {
        "r4": 18.470014922528208
      },
      "name": "r5",
      "X": 12.476053237915039,
      "Y": 0.0,
      "Z": 7.6304440498352051,
      "NodeType": 0
    },
    "r14": {
      "edges": {
        "r13": 5.7179822252746817
      },
      "name": "r14",
      "X": -9.6033554077148438,
      "Y": 0.0,
      "Z": -11.322232246398926,
      "NodeType": 0
    },
    "f2": {
      "edges": {
        "f1": 3.3708205836737761,
        "r19": 19.910810601345261,
        "f3": 26.862286328269022
      },
      "name": "f2",
      "X": -8.4301662445068359,
      "Y": 0.0,
      "Z": 6.2834830284118652,
      "NodeType": 0
    },
    "f11": {
      "edges": {
        "f10": 20.478824221278163,
        "r12": 6.4656031635968247,
        "f12": 5.032563727672823
      },
      "name": "f11",
      "X": -5.3787631988525391,
      "Y": 0.0,
      "Z": -9.9002666473388672,
      "NodeType": 0
    },
    "f5": {
      "edges": {
        "f4": 115.58258906923558,
        "r16": 10.204635542528706,
        "f6": 1.729383168403956
      },
      "name": "f5",
      "X": -0.8534090518951416,
      "Y": 0.0,
      "Z": -4.4659738540649414,
      "NodeType": 0
    },
    "r11": {
      "edges": {
        "r10": 34.79413298324431
      },
      "name": "r11",
      "X": -2.1678504943847656,
      "Y": 0.0,
      "Z": -12.436166763305664,
      "NodeType": 0
    },
    "f3": {
      "edges": {
        "f2": 26.862286328269022,
        "r2": 17.535200779586603,
        "f4": 6.6157130437916045
      },
      "name": "f3",
      "X": -3.2472822666168213,
      "Y": 0.0,
      "Z": 6.2834830284118652,
      "NodeType": 0
    },
    "r22": {
      "edges": {
        "f1": 27.878850368029816
      },
      "name": "r22",
      "X": -15.546188354492188,
      "Y": 0.0,
      "Z": 6.2834830284118652,
      "NodeType": 0
    },
    "r19": {
      "edges": {
        "f2": 19.910810601345261,
        "r20": 16.573070173510146,
        "r21": 24.029791129360447
      },
      "name": "r19",
      "X": -8.5172710418701172,
      "Y": 0.0,
      "Z": 1.8221801519393921,
      "NodeType": 0
    },
    "r18": {
      "edges": {
        "r16": 30.181294298771945
      },
      "name": "r18",
      "X": -8.5172710418701172,
      "Y": 0.0,
      "Z": -7.3399214744567871,
      "NodeType": 0
    },
    "r1": {
      "edges": {
        "f1": 12.925890635962105
      },
      "name": "r1",
      "X": -10.192486763000488,
      "Y": 0.0,
      "Z": 9.8779878616333,
      "NodeType": 0
    },
    "r17": {
      "edges": {
        "r16": 10.078782294567873
      },
      "name": "r17",
      "X": -4.0336885452270508,
      "Y": 0.0,
      "Z": -7.3399214744567871,
      "NodeType": 0
    },
    "f12": {
      "edges": {
        "f11": 5.032563727672823,
        "r13": 13.570373128096435,
        "f13": 21.184946007691906
      },
      "name": "f12",
      "X": -7.622100830078125,
      "Y": 0.0,
      "Z": -9.9002666473388672,
      "NodeType": 0
    },
    "r21": {
      "edges": {
        "r19": 24.029791129360447
      },
      "name": "r21",
      "X": -3.6159639358520508,
      "Y": 0.0,
      "Z": 1.9057252407073975,
      "NodeType": 0
    },
    "f4": {
      "edges": {
        "f3": 6.6157130437916045,
        "r3": 26.572906504788282,
        "f5": 115.58258906923558
      },
      "name": "f4",
      "X": -0.67517942190170288,
      "Y": 0.0,
      "Z": 6.2834830284118652,
      "NodeType": 0
    },
    "r6": {
      "edges": {
        "r8": 15.576384555659288
      },
      "name": "r6",
      "X": 12.28111457824707,
      "Y": 0.0,
      "Z": 0.5848156213760376,
      "NodeType": 0
    },
    "f9": {
      "edges": {
        "f8": 8.4150347994911954,
        "r9": 32.415619412035312,
        "r8": 13.219092020028313
      },
      "name": "f9",
      "X": 8.2166366577148438,
      "Y": 0.0,
      "Z": -5.781033992767334,
      "NodeType": 0
    },
    "f1": {
      "edges": {
        "r22": 27.878850368029816,
        "r1": 12.925890635962105,
        "f2": 3.3708205836737761
      },
      "name": "f1",
      "X": -10.266145706176758,
      "Y": 0.0,
      "Z": 6.2834830284118652,
      "NodeType": 0
    },
    "f6": {
      "edges": {
        "f5": 1.729383168403956,
        "f7": 24.566573715588277,
        "f10": 16.96807766248887
      },
      "name": "f6",
      "X": -0.8534090518951416,
      "Y": 0.0,
      "Z": -5.781033992767334,
      "NodeType": 0
    },
    "r8": {
      "edges": {
        "r4": 87.837594576765753,
        "f9": 13.219092020028313,
        "r7": 27.994225056607551,
        "r6": 15.576384555659288
      },