{
   "Nodes":[
      {
         "f4":{
            "x":-0.6751794,
            "y":0.0,
            "z":6.283483
         },
         "r20":{
            "x":-12.3324928,
            "y":0.0,
            "z":3.24244523
         },
         "r19":{
            "x":-8.517271,
            "y":0.0,
            "z":1.82218015
         },
         "f2":{
            "x":-8.430166,
            "y":0.0,
            "z":6.283483
         },
         "f10":{
            "x":-0.8534097,
            "y":0.0,
            "z":-9.900267
         },
         "r4":{
            "x":8.410196,
            "y":0.0,
            "z":6.238028
         },
         "r5":{
            "x":12.4760532,
            "y":0.0,
            "z":7.630444
         },
         "r10":{
            "x":3.513209,
            "y":0.0,
            "z":-10.8488121
         },
         "f8":{
            "x":5.31576872,
            "y":0.0,
            "z":-5.781034
         },
         "r2":{
            "x":-3.25825524,
            "y":0.0,
            "z":10.470974
         },
         "r6":{
            "x":12.2811146,
            "y":0.0,
            "z":0.5848156
         },
         "f1":{
            "x":-10.2661457,
            "y":0.0,
            "z":6.283483
         },
         "r12":{
            "x":-5.56534767,
            "y":0.0,
            "z":-12.4361668
         },
         "f13":{
            "x":-12.2248116,
            "y":0.0,
            "z":-9.900267
         },
         "r13":{
            "x":-8.545119,
            "y":0.0,
            "z":-13.4665546
         },
         "r21":{
            "x":-3.615964,
            "y":0.0,
            "z":1.90572524
         },
         "r11":{
            "x":-2.16785049,
            "y":0.0,
            "z":-12.4361668
         },
         "f7":{
            "x":4.103059,
            "y":0.0,
            "z":-5.781034
         },
         "f11":{
            "x":-5.378763,
            "y":0.0,
            "z":-9.900267
         },
         "f9":{
            "x":8.216637,
            "y":0.0,
            "z":-5.781034
         },
         "r22":{
            "x":-15.5461884,
            "y":0.0,
            "z":6.283483
         },
         "r1":{
            "x":-10.1924868,
            "y":0.0,
            "z":9.877988
         },
         "r17":{
            "x":-4.03368855,
            "y":0.0,
            "z":-7.33992147
         },
         "f5":{
            "x":-0.853409052,
            "y":0.0,
            "z":-4.465974
         },
         "r9":{
            "x":10.86517,
            "y":0.0,
            "z":-10.8209639
         },
         "r8":{
            "x":10.4474449,
            "y":0.0,
            "z":-2.91004348
         },
         "f6":{
            "x":-0.853409052,
            "y":0.0,
            "z":-5.781034
         },
         "r3":{
            "x":3.759525,
            "y":0.0,
            "z":8.911468
         },
         "f12":{
            "x":-7.622101,
            "y":0.0,
            "z":-9.900267
         },
         "r18":{
            "x":-8.517271,
            "y":0.0,
            "z":-7.33992147
         },
         "r14":{
            "x":-9.603355,
            "y":0.0,
            "z":-11.3222322
         },
         "r15":{
            "x":-12.4160357,
            "y":0.0,
            "z":-12.6868019
         },
         "r16":{
            "x":-4.03368855,
            "y":0.0,
            "z":-4.16521168
         },
         "f3":{
            "x":-3.24728227,
            "y":0.0,
            "z":6.283483
         },
         "r7":{
            "x":15.3069038,
            "y":0.0,
            "z":-0.817226231
         }
      }
   ],
   "Connections":[
      [
         "f1",
         "r1"
      ],
      [
         "f2",
         "f1"
      ],
      [
         "f2",
         "f3"
      ],
      [
         "f4",
         "f3"
      ],
      [
         "f4",
         "f5"
      ],
      [
         "f5",
         "f6"
      ],
      [
         "f7",
         "f6"
      ],
      [
         "f8",
         "f7"
      ],
      [
         "f8",
         "f9"
      ],
      [
         "f10",
         "f6"
      ],
      [
         "f10",
         "f11"
      ],
      [
         "f11",
         "f12"
      ],
      [
         "f13",
         "f12"
      ],
      [
         "f13",
         "r15"
      ],
      [
         "r13",
         "r14"
      ],
      [
         "f12",
         "r15"
      ],
      [
         "r12",
         "f11"
      ],
      [
         "r10",
         "r11"
      ],
      [
         "f9",
         "r9"
      ],
      [
         "f9",
         "r8"
      ],
      [
         "r8",
         "r7"
      ],
      [
         "r6",
         "r8"
      ],
      [
         "r4",
         "r5"
      ],
      [
         "r4",
         "r8"
      ],
      [
         "f4",
         "r3"
      ],
      [
         "r2",
         "f3"
      ],
      [
         "f1",
         "r1"
      ],
      [
         "r19",
         "f2"
      ],
      [
         "r20",
         "r19"
      ],
      [
         "r19",
         "r21"
      ],
      [
         "r18",
         "r16"
      ],
      [
         "r17",
         "r16"
      ],
      [
         "f5",
         "r16"
      ]
   ]
}